Workstation,Task time,Idle time
"['1', '2', '3']",1.4,0.10000000000000009
"['4', '5', '6', '7']",1.4,0.10000000000000009
"['8', '9']",0.6,0.9
